Domain,Origin,Gene,GRCh38 coordinates;ref/alt allele,Transcript,CDS change and protein change,Predicted consequences,Population germline allele frequency (1KG | gnomAD),Genomics England germline allele frequency,VAF,Alt allele/total read depth,Genotype,COSMIC ID,ClinVar ID,ClinVar review status,ClinVar clinical significance,Gene-level actionability,Variant-level actionability,Gene mode of action,PharmGKB_ID,
1,somatic,NF1,17:31226459;A>AC,ENST00000358273,c.2033dupC;,frameshift_variant, -  | <0.00005,,0.08,8/102,,COSM1382061;COSM1235317;COSM24504;COSM4765116;COSM4765117,,,,,Prognosis (JMML):https://www.mycancergenome.org/content/disease/myelodysplastic-syndromes;Prognosis (MDS/MPN):https://www.mycancergenome.org/content/disease/myelodysplastic-syndromes/nf1,tumor suppressor gene,,
1,somatic,NPM1,5:171410541;C>CTGCA,ENST00000296930,c.863_864insCATG;,frameshift_variant,- | -,,0.37,49/131,,COSM158600;COSM17571,,,,"Trial (AML):https://clinicaltrials.gov/ct2/show/NCT01757535;Trial (CMML, JMML, MDS, RAEB):https://clinicaltrials.gov/ct2/show/NCT02447666;Trial (AML, MDS):https://clinicaltrials.gov/ct2/show/NCT02775903;Trial (AML):https://clinicaltrials.gov/ct2/show/NCT02785900;Trial (AML):https://clinicaltrials.gov/ct2/show/NCT03151408;Prognosis (AML):https://www.mycancergenome.org/content/disease/acute-myeloid-leukemia/npm1",,oncogene,,
2,somatic,AXIN2,17:65558019;C>T,ENST00000307078,c.602G>A;p.(Arg201Lys),missense_variant, -  | <0.00005,,0.46,46/99,,,,,,,,tumor suppressor gene,,
2,somatic,FLT4,5:180630768;C>T,ENST00000261937,c.187G>A;p.(Gly63Arg),missense_variant, -  | <0.00005,,0.53,34/64,,,,,,,,oncogene,,
2,somatic,PTPRB,12:70539697;T>A,ENST00000334414,c.5706A>T;p.(Lys1902Asn),missense_variant,- | -,,0.49,51/105,,,,,,,,tumor suppressor gene,,
2,somatic,WT1,11:32396364;G>T,ENST00000332351,c.1142C>A;p.(Ser381*),stop_gained,- | -,,0.11,Oct-91,,COSM27307;COSM1317326;COSM5879249,,,,,,both,,
2,somatic,WT1,11:32396372;AAG>A,ENST00000332351,c.1132_1133delCT;,frameshift_variant,- | -,,0.21,20/97,,COSM96861,,,,,,both,,
3,somatic,ACVR2B,3:38482270;C>T,ENST00000352511,c.1147C>T;p.(Arg383Cys),missense_variant,- | -,,0.11,Oct-88,,COSM5449864;COSM5449863,,,,,,,,
3,somatic,AHNAK,11:62522261;A>T,ENST00000378024,c.12156T>A;p.(His4052Gln),missense_variant;(SR)(PON), -  |  - ,,0.13,Dec-92,,COSM4411983;COSM4411984,,,,,,,,
3,somatic,AHNAK2,14:104945249;A>G,ENST00000333244,c.10202T>C;p.(Met3401Thr),missense_variant;(SR)(PON),- | -,,0.1,Sep-93,,,,,,,,,,
3,somatic,AHNAK2,14:104943909;T>C,ENST00000333244,c.11542A>G;p.(Thr3848Ala),missense_variant;(SR)(PON), -  | <0.00005,,0.1,Oct-97,,,,,,,,,,
3,somatic,AHNAK2,14:104943692;A>G,ENST00000333244,c.11759T>C;p.(Val3920Ala),missense_variant;(SR)(PON),0.0032 | 0.0008,,0.1,11/107,,,,,,,rs268,,,
3,somatic,ATG16L2,11:72821684;T>G,ENST00000321297,c.335T>G;p.(Val112Gly),missense_variant;(PON),- | -,,0.13,Nov-86,,,,,,,,,,
3,somatic,C1R,12:7080776;C>G,ENST00000542285,c.1874G>C;p.(Arg625Pro),missense_variant,- | -,,0.44,56/127,,,,,,,,,,
3,somatic,CLSTN2,3:140459676;G>A,ENST00000458420,c.1129G>A;p.(Asp377Asn),missense_variant,- | -,,0.07,Jul-97,,COSM5010170,,,,,,,,
3,somatic,CSMD3,8:112406613;C>A,ENST00000297405,c.5720G>T;p.(Gly1907Val),missense_variant,- | -,,0.44,48/109,,COSM5259554;COSM5259553,,,,,,,,
3,somatic,DDX39A,19:14411091;T>G,ENST00000242776,c.511A>C;p.(Thr171Pro),missense_variant;(PON),- | -,,0.1,Sep-90,,,,,,,,,,
3,somatic,DOCK3,3:51225642;C>T,ENST00000266037,c.1253-7C>T,splice_region_variant,- | -,,0.41,51/123,,,,,,,,,,
3,somatic,DUOX2,15:45101996;G>A,ENST00000603300,c.2655-7C>T,splice_region_variant,- | -,,0.35,32/91,,,,,,,,,,
3,somatic,ENO4,10:116881523;G>T,ENST00000341276,c.1732G>T;p.(Glu578*),stop_gained,- | -,,0.28,32/113,,,,,,,,,,
3,somatic,EXOC1,4:55902369;G>A,ENST00000346134,c.2363G>A;p.(Arg788His),missense_variant, -  | <0.00005,,0.08,12/147,,,,,,,,,,
3,somatic,FBXL19,16:30930227;A>C,ENST00000380310,c.1004A>C;p.(Asp335Ala),missense_variant;(PON),- | -,,0.08,Aug-95,,,,,,,,,,
3,somatic,FGF23,12:4379476;C>T,ENST00000237837,c.107G>A;p.(Trp36*),stop_gained, -  |  - ,,0.41,41/100,,,,,,,,,,
3,somatic,FLG2,1:152353047;G>C,ENST00000388718,c.4739C>G;p.(Thr1580Ser),missense_variant;(SR)(PON), -  |  - ,,0.11,11/102,,COSM1295098,,,,,,,,
3,somatic,FLG2,1:152351895;G>T,ENST00000388718,c.5891C>A;p.(Pro1964His),missense_variant;(SR)(PON), -  | 0.0003,,0.06,7/111,,,,,,,,,,
3,somatic,LYPD6,2:149470826;G>A,ENST00000409381,c.492G>A;p.(Trp164*),stop_gained,- | -,,0.05,Apr-87,,,,,,,,,,
3,somatic,MLXIPL,7:73597604;G>A,ENST00000313375,c.1181C>T;p.(Pro394Leu),missense_variant,- | -,,0.57;(LOH),29/51,,,,,,,,,,
3,somatic,MUC17,7:101035033;T>G,ENST00000306151,c.3617T>G;p.(Val1206Gly),missense_variant;(SR)(PON), -  | <0.00005,,0.05;(LOH),11/217,,,,,,,,,,
3,somatic,MUC22,6:31029234;T>C,ENST00000561890,c.3803T>C;p.(Val1268Ala),missense_variant;(SR)(PON), -  |  - ,,0.08,10/131,,,,,,,,,,
3,somatic,NID1,1:236025897;C>T,ENST00000264187,c.1983G>A;,splice_region_variant,- | -,,0.43,48/111,,,,,,,,,,
3,somatic,NUP160,11:47837563;C>T,ENST00000378460,c.809G>A;p.(Trp270*),stop_gained,- | -,,0.33,40/122,,,,,,,,,,
3,somatic,OBSCN,1:228294281;A>G,ENST00000570156,c.12548A>G;p.(Asp4183Gly),missense_variant,0.0004 | <0.00005,,0.09,Aug-94,,,,,,,,,,
3,somatic,OR10H5,19:15794381;C>A,ENST00000308940,c.333C>A;p.(His111Gln),missense_variant,- | -,,0.52,51/99,,,,,,,,,,
3,somatic,OR5H6,3:98264939;G>A,ENST00000641416,c.607G>A;p.(Ala203Thr),missense_variant,0.0002 | 0.0001,,0.09,9/105,,,,,,,,,,
3,somatic,PELP1,17:4672333;A>C,ENST00000301396,c.2808T>G;p.(Ser936Arg),missense_variant;(PON),- | -,,0.09,Aug-92,,,,,,,,,,
3,somatic,PIANP,12:6697481;G>A,ENST00000320591,c.329C>T;p.(Pro110Leu),missense_variant,- | -,,0.59,61/103,,,,,,,,,,
3,somatic,PLEKHM3,2:207977100;C>T,ENST00000427836,c.1097G>A;p.(Gly366Glu),missense_variant,- | -,,0.52,61/118,,,,,,,,,,
3,somatic,PRR36,19:7870230;T>G,ENST00000618550,c.3014A>C;p.(Lys1005Thr),missense_variant;(GE)(SR)(PON), -  | 0.0056,,0.2,Sep-44,,COSM6264264,,,,,,,,
3,somatic,PUF60,8:143818512;G>A,ENST00000526683,c.371C>T;p.(Ala124Val),missense_variant, -  | <0.00005,,0.42,34/80,,,,,,,,,,
3,somatic,SLC12A1,15:48267661;C>T,ENST00000380993,c.2255C>T;p.(Ala752Val),missense_variant,0.0010 | 0.0011,,0.16,18/116,,COSM4441138;COSM4441139,,,,,,,,
3,somatic,SRSF4,1:29148891;C>T,ENST00000373795,c.1004G>A;p.(Arg335Lys),missense_variant,- | -,,0.49,36/74,,,,,,,,,,
3,somatic,THSD7A,7:11636151;G>A,ENST00000423059,c.1001C>T;p.(Thr334Met),missense_variant,0.0006 | 0.0001,,0.31,42/134,,COSM5345246,,,,,,,,
3,somatic,TNRC6C,17:78050336;G>A,ENST00000335749,c.1274G>A;p.(Gly425Glu),missense_variant, -  | <0.00005,,0.48,53/111,,,,,,,,,,
3,somatic,UNC45A,15:90949331;G>C,ENST00000418476,c.1894G>C;p.(Val632Leu),missense_variant,- | -,,0.06,6/107,,,,,,,,,,
3,somatic,ZAN,7:100750621;C>T,ENST00000613979,c.1250-4C>T,splice_region_variant,- | -,,0.47;(LOH),51/108,,,,,,,,,,
3,somatic,ZFP57,6:29672591;C>T,ENST00000488757,c.1520G>A;p.(Arg507Lys),missense_variant, -  | <0.00005,,0.46,31/68,,COSM109371,,,,,,,,
3,somatic,ZNF257,19:22089090;T>C,ENST00000594947,c.1340T>C;p.(Ile447Thr),missense_variant;(SR)(PON), -  |  - ,,0.14,17/120,,,,,,,,,,
3,somatic,ZNF671,19:57720865;A>C,ENST00000317398,c.1221T>G;p.(Ser407Arg),missense_variant;(PON),- | -,,0.06,7/117,,,,,,,,,,
3,somatic,ZNF76,6:35292555;G>A,ENST00000373953,c.933G>A;,splice_region_variant, -  | <0.00005,,0.3,24/79,,,,,,,,,,
3,somatic,ZNF808,19:52555045;A>G,ENST00000359798,c.2129A>G;p.(Asn710Ser),missense_variant;(SR), -  | <0.00005,,0.43,53/124,,,,,,,,,,
3,germline,*BLM,15:90747403;T>C,ENST00000355112,c.11T>C;p.(Val4Ala),missense_variant, -  | 0.0011,0.0021,,Sep-22,0/1,,127473,1,Conflicting interpretations of pathogenicity,,,N/A,,
3,germline,*CTC1,17:8232096;C>T,ENST00000315684,c.2192G>A;p.(Arg731Gln),missense_variant, -  | 0.0004,0.0004,,21/38,0/1,,210794,2,Uncertain significance,,,N/A,,
3,germline,*DOCK8,9:304628;G>A,ENST00000432829,c.452G>A;p.(Arg151Gln),missense_variant,0.0010 | 0.0014,0.0022,,17/31,0/1,,366540,1,Conflicting interpretations of pathogenicity,,,N/A,,
3,germline,*FANCE,6:35459754;T>C,ENST00000229769,c.1310T>C;p.(Met437Thr),missense_variant,0.0006 | 0.0021,0.0015,,21/34,0/1,,414821,1,Benign,,,N/A,,
3,germline,APC,5:112843084;C>T,ENST00000508376,c.7490C>T;p.(Ser2497Leu),missense_variant, -  | 0.0004,0.0008,,16/31,0/1,,133522,1,Conflicting interpretations of pathogenicity,,,tumor suppressor gene,,
3,germline,PTCH1,9:95508249;C>G,ENST00000331920,c.113G>C;p.(Gly38Ala),missense_variant, -  | 0.0001,0.0002,,20/33,0/1,,220411,2,Uncertain significance,,,tumor suppressor gene,,
Test,a,a,a,a,a,a,a,a,a,a,a,a,a,a,a,a,a,a,a,rs56116432
,,,,,,,,,,,,,,,,,,rs334,,